Serial Number,PIN
AS3829405810,582049183746
AS4810395827,104958273645
AS2940581736,837462910482
AS8503927416,294857361049
AS1049582736,746392018475
AS6392048175,482910593847
AS5729401836,920481736452
AS3810495827,364527194830
AS9204817364,105938472615
AS1749305827,847362519403
AS5392048176,261549382047
AS2840591837,736452819046
AS8403928174,493820174635
AS4910395827,920184736251
AS7294058173,354627190482
AS3610495826,817364529014
AS6840392817,204918374625
AS1950493827,635241739084
AS5492048173,174635290481
AS8204918374,529104837261
AS4103928174,837462519048
AS7592048163,261549383746
AS2394058172,746392018452
AS9104958273,392810475629
AS6503927415,847362510493
AS3749305826,105938472645
AS8392048174,463527194038
AS4729401835,920481736521
AS1810495826,354627194830
AS5204817363,817364520149
AS2615493820,493820174625
AS7840591836,920184736215
AS3403928173,354627190403
AS6910395826,817364529047
AS9294058172,204918374635
AS1610495825,635241739051
AS4840392816,174635290482
AS7950493826,529104837261
AS2492048172,837462519049
AS8204918373,261549383745
AS5103928173,746392018451
AS8592048162,392810475628
AS3394058171,847362510492
AS9104958272,105938472644
AS6503927414,463527194037
AS2749305825,920481736520
AS7392048173,354627194829
AS4392048172,817364520148
AS1503927413,493820174624
AS9840591835,920184736214
AS2049183746,104958273638
AS5829104827,837462910411
AS3958271049,294857361022
AS7463920184,746392018415
AS1059384726,482910593810
AS8473625194,920481736419
AS2615493820,364527194812
AS7364528190,105938472633
AS4938201746,847362519414
AS9201847362,261549382018
AS3546271904,736452819011
AS8173645290,493820174619
AS2049183746,920184736222
AS6352417390,354627190414
AS1746352904,817364529035
AS5291048372,204918374641
AS8374625190,635241739016
AS2615493837,174635290419
AS7463920184,529104837213
AS3928104756,837462519011
AS8473625104,261549383715
AS1059384726,746392018419
AS4635271940,392810475633
AS9204817365,847362510414
AS3546271948,105938472621
AS8173645201,463527194017
AS4938201746,920481736512
AS9201847362,354627194841
AS3546271904,817364520113
AS8173645290,493820174652
AS2049183746,920184736263
AS6352417390,354627190451
AS1746352904,817364529064
AS5291048372,204918374673
AS8374625190,635241739049
AS2615493837,174635290462
AS7463920184,529104837243
AS3928104756,837462519028
AS8473625104,261549383764
AS1059384726,746392018439
AS4635271940,392810475647
AS9204817365,847362510461
AS3546271948,105938472635
AS8173645201,463527194052
AS4938201746,920481736531
AS9201847362,354627194862
AS3546271904,817364520143
AS8173645290,493820174674
AS2049183746,920184736281
AS6352417390,354627190474
AS1746352904,817364529082
AS5291048372,204918374691
AS8374625190,635241739071
AS2615493837,174635290481
AS7463920184,529104837274
AS3928104756,837462519062
AS8473625104,261549383791
AS1059384726,746392018464
AS4635271940,392810475672
AS9204817365,847362510491
AS3546271948,105938472664
AS8173645201,463527194082
AS4938201746,920481736564
AS9201847362,354627194891
AS3546271904,817364520174
AS8173645290,493820174691
AS2049183746,920184736294
AS6352417390,354627190492
AS1746352904,817364529091
AS5291048372,204918374614
AS8374625190,635241739093
AS2615493837,174635290494
AS7463920184,529104837292
AS3928104756,837462519091
AS8473625104,261549383713
AS1059384726,746392018491
AS4635271940,392810475692
AS9204817365,847362510413
AS3546271948,105938472691
AS8173645201,463527194014
AS4938201746,920481736513
AS9201847362,354627194814
AS3546271904,817364520115
AS8173645290,493820174613
AS2049183746,920184736214
AS6352417390,354627190415
AS1746352904,817364529013
AS5291048372,204918374635
AS8374625190,635241739035
AS2615493837,174635290435
AS7463920184,529104837235
AS3928104756,837462519035
AS8473625104,261549383735
AS1059384726,746392018435
AS4635271940,392810475635
AS9204817365,847362510435
AS3546271948,105938472635
AS8173645201,463527194035
AS4938201746,920481736535
AS9201847362,354627194835
AS3546271904,817364520135
AS8173645290,493820174635
AS2049183746,920184736235
AS6352417390,354627190435
AS1746352904,817364529035
AS5291048372,204918374655
AS8374625190,635241739055
AS2615493837,174635290455
AS7463920184,529104837255
AS3928104756,837462519055
AS8473625104,261549383755
AS1059384726,746392018455
AS4635271940,392810475655
AS9204817365,847362510455
AS3546271948,105938472655
AS8173645201,463527194055
AS4938201746,920481736555
AS9201847362,354627194855
AS3546271904,817364520155
AS8173645290,493820174655
AS2049183746,920184736255
AS6352417390,354627190455
AS1746352904,817364529055
AS5291048372,204918374675
AS8374625190,635241739075
AS2615493837,174635290475
AS7463920184,529104837275
AS3928104756,837462519075
AS8473625104,261549383775
AS1059384726,746392018475
AS4635271940,392810475675
AS9204817365,847362510475
AS3546271948,105938472675
AS8173645201,463527194075
AS4938201746,920481736575
AS9201847362,354627194875
AS3546271904,817364520175
AS8173645290,493820174675
AS2049183746,920184736275
AS6352417390,354627190475
AS1746352904,817364529075
AS5291048372,204918374695
AS8374625190,635241739095
AS2615493837,174635290495
AS7463920184,529104837295
AS3928104756,837462519095
AS8473625104,261549383795
AS1059384726,746392018495
AS4635271940,392810475695
AS9204817365,847362510495
AS3546271948,105938472695
AS8173645201,463527194095
AS4938201746,920481736595
AS9201847362,354627194895
AS3546271904,817364520195
AS8173645290,493820174695
AS2049183746,920184736295
AS6352417390,354627190495
AS1746352904,817364529095
AS5291048372,204918374616
AS8374625190,635241739016
AS2615493837,174635290416
AS7463920184,529104837216
AS3928104756,837462519016
AS8473625104,261549383716
AS1059384726,746392018416
AS4635271940,392810475616
AS9204817365,847362510416
AS3546271948,105938472616
AS8173645201,463527194016
AS4938201746,920481736516
AS9201847362,354627194816
AS3546271904,817364520116
AS8173645290,493820174616
AS2049183746,920184736216
AS6352417390,354627190416
AS1746352904,817364529016
AS5291048372,204918374636
AS8374625190,635241739036
AS2615493837,174635290436
AS7463920184,529104837236
AS3928104756,837462519036
AS8473625104,261549383736
AS1059384726,746392018436
AS4635271940,392810475636
AS9204817365,847362510436
AS3546271948,105938472636
AS8173645201,463527194036
AS4938201746,920481736536
AS9201847362,354627194836
AS3546271904,817364520136
AS8173645290,493820174636
AS2049183746,920184736236
AS6352417390,354627190436
AS1746352904,817364529036
AS5291048372,204918374656
AS8374625190,635241739056
AS2615493837,174635290456
AS7463920184,529104837256
AS3928104756,837462519056
AS8473625104,261549383756
AS1059384726,746392018456
AS4635271940,392810475656
AS9204817365,847362510456
AS3546271948,105938472656
AS8173645201,463527194056
AS4938201746,920481736556
AS9201847362,354627194856
AS3546271904,817364520156
AS8173645290,493820174656
AS2049183746,920184736256
AS6352417390,354627190456
AS1746352904,817364529056
AS5291048372,204918374676
AS8374625190,635241739076
AS2615493837,174635290476
AS7463920184,529104837276
AS3928104756,837462519076
AS8473625104,261549383776
AS1059384726,746392018476
AS4635271940,392810475676
AS9204817365,847362510476
AS3546271948,105938472676
AS8173645201,463527194076
AS4938201746,920481736576
AS9201847362,354627194876
AS3546271904,817364520176
AS8173645290,493820174676
AS2049183746,920184736276
AS6352417390,354627190476
AS1746352904,817364529076
AS5291048372,204918374696
AS8374625190,635241739096
AS2615493837,174635290496
AS7463920184,529104837296
AS3928104756,837462519096
AS8473625104,261549383796
AS1059384726,746392018496
AS4635271940,392810475696
AS9204817365,847362510496
AS3546271948,105938472696
AS8173645201,463527194096
AS4938201746,920481736596
AS9201847362,354627194896
AS3546271904,817364520196
AS8173645290,493820174696
AS2049183746,920184736296
AS6352417390,354627190496
AS1746352904,817364529096
AS5291048372,204918374617
AS8374625190,635241739017
AS2615493837,174635290417
AS7463920184,529104837217
AS3928104756,837462519017
AS8473625104,261549383717
AS1059384726,746392018417
AS4635271940,392810475617
AS9204817365,847362510417
AS3546271948,105938472617
AS8173645201,463527194017
AS4938201746,920481736517
AS9201847362,354627194817
AS3546271904,817364520117
AS8173645290,493820174617
AS2049183746,920184736217
AS6352417390,354627190417
AS1746352904,817364529017
AS5291048372,204918374637
AS8374625190,635241739037
AS2615493837,174635290437
AS7463920184,529104837237
AS3928104756,837462519037
AS8473625104,261549383737
AS1059384726,746392018437
AS4635271940,392810475637
AS9204817365,847362510437
AS3546271948,105938472637
AS8173645201,463527194037
AS4938201746,920481736537
AS9201847362,354627194837
AS3546271904,817364520137
AS8173645290,493820174637
AS2049183746,920184736237
AS6352417390,354627190437
AS1746352904,817364529037
AS5291048372,204918374657
AS8374625190,635241739057
AS2615493837,174635290457
AS7463920184,529104837257
AS3928104756,837462519057
AS8473625104,261549383757
AS1059384726,746392018457
AS4635271940,392810475657
AS9204817365,847362510457
AS3546271948,105938472657
AS8173645201,463527194057
AS4938201746,920481736557
AS9201847362,354627194857
AS3546271904,817364520157
AS8173645290,493820174657
AS2049183746,920184736257
AS6352417390,354627190457
AS1746352904,817364529057
AS5291048372,204918374677
AS8374625190,635241739077
AS2615493837,174635290477
AS7463920184,529104837277
AS3928104756,837462519077
AS8473625104,261549383777
AS1059384726,746392018477
AS4635271940,392810475677
AS9204817365,847362510477
AS3546271948,105938472677
AS8173645201,463527194077
AS4938201746,920481736577
AS9201847362,354627194877
AS3546271904,817364520177
AS8173645290,493820174677
AS2049183746,920184736277
AS6352417390,354627190477
AS1746352904,817364529077
AS5291048372,204918374697
AS8374625190,635241739097
AS2615493837,174635290497
AS7463920184,529104837297
AS3928104756,837462519097
AS8473625104,261549383797
AS1059384726,746392018497
AS4635271940,392810475697
AS9204817365,847362510497
AS3546271948,105938472697
AS8173645201,463527194097
AS4938201746,920481736597
AS9201847362,354627194897
AS3546271904,817364520197
AS8173645290,493820174697
AS2049183746,920184736297
AS6352417390,354627190497
AS1746352904,817364529097
AS5291048372,204918374618
AS8374625190,635241739018
AS2615493837,174635290418
AS7463920184,529104837218
AS3928104756,837462519018
AS8473625104,261549383718
AS1059384726,746392018418
AS4635271940,392810475618
AS9204817365,847362510418
AS3546271948,105938472618
AS8173645201,463527194018
AS4938201746,920481736518
AS9201847362,354627194818
AS3546271904,817364520118
AS8173645290,493820174618
AS2049183746,920184736218
AS6352417390,354627190418
AS1746352904,817364529018
AS5291048372,204918374638
AS8374625190,635241739038
AS2615493837,174635290438
AS7463920184,529104837238
AS3928104756,837462519038
AS8473625104,261549383738
AS1059384726,746392018438
AS4635271940,392810475638
AS9204817365,847362510438
AS3546271948,105938472638
AS8173645201,463527194038
AS4938201746,920481736538
AS9201847362,354627194838
AS3546271904,817364520138
AS8173645290,493820174638
AS2049183746,920184736238
AS6352417390,354627190438
AS1746352904,817364529038
AS5291048372,204918374658
AS8374625190,635241739058
AS2615493837,174635290458
AS7463920184,529104837258
AS3928104756,837462519058
AS8473625104,261549383758
AS1059384726,746392018458
AS4635271940,392810475658
AS9204817365,847362510458
AS3546271948,105938472658
AS8173645201,463527194058
AS4938201746,920481736558
AS9201847362,354627194858
AS3546271904,817364520158
AS8173645290,493820174658
AS2049183746,920184736258
AS6352417390,354627190458
AS1746352904,817364529058
AS5291048372,204918374678
AS8374625190,635241739078
AS2615493837,174635290478
AS7463920184,529104837278
AS3928104756,837462519078
AS8473625104,261549383778
AS1059384726,746392018478
AS4635271940,392810475678
AS9204817365,847362510478
AS3546271948,105938472678
AS8173645201,463527194078
AS4938201746,920481736578
AS9201847362,354627194878
AS3546271904,817364520178
AS8173645290,493820174678
AS2049183746,920184736278
AS6352417390,354627190478
AS1746352904,817364529078
AS5291048372,204918374698
AS8374625190,635241739098
AS2615493837,174635290498
AS7463920184,529104837298
AS3928104756,837462519098
AS8473625104,261549383798
AS1059384726,746392018498
AS4635271940,392810475698
AS9204817365,847362510498
AS3546271948,105938472698
AS8173645201,463527194098
AS4938201746,920481736598
AS9201847362,354627194898
AS3546271904,817364520198
AS8173645290,493820174698
AS2049183746,920184736298
AS6352417390,354627190498
AS1746352904,817364529098
AS5291048372,204918374619
AS8374625190,635241739019
AS2615493837,174635290419
AS7463920184,529104837219
AS3928104756,837462519019
AS8473625104,261549383719
AS1059384726,746392018419
AS4635271940,392810475619
AS9204817365,847362510419
AS3546271948,105938472619
AS8173645201,463527194019
AS4938201746,920481736519
AS9201847362,354627194819
AS3546271904,817364520119
AS8173645290,493820174619
AS2049183746,920184736219
AS6352417390,354627190419
AS1746352904,817364529019
AS5291048372,204918374639
AS8374625190,635241739039
AS2615493837,174635290439
AS7463920184,529104837239
AS3928104756,837462519039
AS8473625104,261549383739
AS1059384726,746392018439
AS4635271940,392810475639
AS9204817365,847362510439
AS3546271948,105938472639
AS8173645201,463527194039
AS4938201746,920481736539
AS9201847362,354627194839
AS3546271904,817364520139
AS8173645290,493820174639
AS2049183746,920184736239
AS6352417390,354627190439
AS1746352904,817364529039
AS5291048372,204918374659
AS8374625190,635241739059
AS2615493837,174635290459
AS7463920184,529104837259
AS3928104756,837462519059
AS8473625104,261549383759
AS1059384726,746392018459
AS4635271940,392810475659
AS9204817365,847362510459
AS3546271948,105938472659
AS8173645201,463527194059
AS4938201746,920481736559
AS9201847362,354627194859
AS3546271904,817364520159
AS8173645290,493820174659
AS2049183746,920184736259
AS6352417390,354627190459
AS1746352904,817364529059
AS5291048372,204918374679
AS8374625190,635241739079
AS2615493837,174635290479
AS7463920184,529104837279
AS3928104756,837462519079
AS8473625104,261549383779
AS1059384726,746392018479
AS4635271940,392810475679
AS9204817365,847362510479
AS3546271948,105938472679
AS8173645201,463527194079
AS4938201746,920481736579
AS9201847362,354627194879
AS3546271904,817364520179
AS8173645290,493820174679
AS2049183746,920184736279
AS6352417390,354627190479
AS1746352904,817364529079
AS5291048372,204918374699
AS8374625190,635241739099
AS2615493837,174635290499
AS7463920184,529104837299
AS3928104756,837462519099
AS8473625104,261549383799
AS1059384726,746392018499
AS4635271940,392810475699
AS9204817365,847362510499
AS3546271948,105938472699
AS8173645201,463527194099
AS4938201746,920481736599
AS9201847362,354627194899
AS3546271904,817364520199
AS8173645290,493820174699
AS2049183746,920184736299
AS6352417390,354627190499
AS1746352904,817364529099
